<code_scheme name="Spectra">
  <option name="RIGHT_MARGIN" value="100" />
  <option name="HTML_SPACE_INSIDE_EMPTY_TAG" value="true" />
  <JSCodeStyleSettings>
    <option name="USE_DOUBLE_QUOTES" value="false" />
    <option name="SPACES_WITHIN_OBJECT_LITERAL_BRACES" value="true" />
    <option name="SPACES_WITHIN_IMPORTS" value="true" />
  </JSCodeStyleSettings>
  <codeStyleSettings language="CSS">
    <indentOptions>
      <option name="USE_TAB_CHARACTER" value="true" />
      <option name="SMART_TABS" value="true" />
    </indentOptions>
  </codeStyleSettings>
  <codeStyleSettings language="HTML">
    <indentOptions>
      <option name="USE_TAB_CHARACTER" value="true" />
      <option name="SMART_TABS" value="true" />
    </indentOptions>
  </codeStyleSettings>
  <codeStyleSettings language="JAVA">
    <option name="KEEP_BLANK_LINES_IN_CODE" value="0" />
  </codeStyleSettings>
  <codeStyleSettings language="JSON">
    <indentOptions>
      <option name="INDENT_SIZE" value="4" />
      <option name="USE_TAB_CHARACTER" value="true" />
      <option name="SMART_TABS" value="true" />
    </indentOptions>
  </codeStyleSettings>
  <codeStyleSettings language="JavaScript">
    <option name="LINE_COMMENT_ADD_SPACE" value="false" />
    <option name="ALIGN_MULTILINE_PARAMETERS" value="false" />
    <option name="METHOD_PARAMETERS_LPAREN_ON_NEXT_LINE" value="true" />
    <option name="KEEP_SIMPLE_BLOCKS_IN_ONE_LINE" value="true" />
    <option name="KEEP_SIMPLE_METHODS_IN_ONE_LINE" value="true" />
    <option name="WRAP_COMMENTS" value="true" />
  </codeStyleSettings>
  <codeStyleSettings language="LESS">
    <indentOptions>
      <option name="INDENT_SIZE" value="4" />
      <option name="USE_TAB_CHARACTER" value="true" />
      <option name="KEEP_INDENTS_ON_EMPTY_LINES" value="true" />
    </indentOptions>
  </codeStyleSettings>
  <codeStyleSettings language="PostCSS">
    <indentOptions>
      <option name="INDENT_SIZE" value="4" />
      <option name="USE_TAB_CHARACTER" value="true" />
      <option name="SMART_TABS" value="true" />
    </indentOptions>
  </codeStyleSettings>
  <codeStyleSettings language="SASS">
    <indentOptions>
      <option name="INDENT_SIZE" value="4" />
      <option name="USE_TAB_CHARACTER" value="true" />
      <option name="SMART_TABS" value="true" />
    </indentOptions>
  </codeStyleSettings>
  <codeStyleSettings language="SCSS">
    <indentOptions>
      <option name="INDENT_SIZE" value="4" />
      <option name="USE_TAB_CHARACTER" value="true" />
      <option name="SMART_TABS" value="true" />
    </indentOptions>
  </codeStyleSettings>
</code_scheme>